od_id;od_do_ref;od_tbltype;od_codeobj;od_creadat;od_majdate;od_majsrc;od_abddate;od_abdsrc
1;REC-PGC-R4DSPEA001B001C001-01-V1;CM;CM000180033570;2015-06-07 00:00:00;;;;
2;REC-SGC-R4DSPEA001B001C001-01-V1;CM;CM000180033569;2015-06-07 00:00:00;;;;
3;REC-PGC-R4DSPEA001B001C001-02-V1;CM;CM000180033134;2015-06-07 00:00:00;;;;
4;REC-PGC-R4DSPEA001B001C001-02-V1;CM;CM200180033134;2015-06-07 00:00:00;;;;
5;EXE-PMQ-PT000180030064-01-V1;PT;PT000180030064;2015-06-07 00:00:00;;;;
6;EXE-PMQ-PT000180030065-01-V1;PT;PT000180030065;2015-06-07 00:00:00;;;;
7;EXE-PMQ-PT000180030072-01-V1;PT;PT000180030072;2015-06-07 00:00:00;;;;
8;EXE-PMQ-PT000180030091-01-V1;PT;PT000180030091;2015-06-07 00:00:00;;;;
9;EXE-DPO-PT000180031350-01-V1;PT;PT000180031350;2015-06-07 00:00:00;;;;
10;AVP-CIN-OR900000000000-01-V1;OR;OR900000000000;2015-06-07 00:00:00;;;;
11;AVP-CIN-OR900000000003-01-V1;OR;OR900000000003;2015-06-07 00:00:00;;;;
13;REC-DCS-ND000018003001-01-V1;ND;ND00018003001;2015-06-07 00:00:00;2015-06-08 00:00:00;;;
14;REC-DRS-ND000180031330-01-V1;ND;ND000180031330;2015-06-07 00:00:00;2015-06-08 00:00:00;;;
15;REC-DIP-ND200180030502-01-V1;ND;ND200180030502;2015-06-07 00:00:00;2015-06-08 00:00:00;;;
16;REC-SOP-ND200180030502-01-V1;ND;ND200180030502;2015-06-07 00:00:00;2015-06-08 00:00:00;;;
17;EXE-SBP-BP000180030675-01-V1;BP;ND000180030675;2015-06-07 00:00:00;;;;
18;EXE-SBP-BP000180030091-01-V1;BP;ND000180030091;2015-06-07 00:00:00;;;;
19;EXE-SRA-BA000180030508-01-V1;BA;BA000180030508;2015-06-07 00:00:00;;;;
20;EXE-CIM-ND000180031330-01-V1;ND;ND000180031330;2015-06-07 00:00:00;;;;
21;REC-PSI-ZN000180030001-01-V1;ZN;ZN000180030001;2015-06-08 00:00:00;;;;
22;REC-PCB-ZS000000000007-01-V1;ZS;ZS000000000007;2015-06-08 00:00:00;;;;
23;AVP-DBL-ZD000180030001-01-V3;ZD;ZD000180030001;2015-06-08 00:00:00;;;;
24;EXE-KEQ-RF000000000001-01-V1;RF;RF000000000001;2015-06-08 00:00:00;;;;
25;REC-MRF-RT000000000006-01-V1;RT;RT000000000006;2015-06-08 00:00:00;;;;
26;REC-DLV-R4DSPEA001B001C001-01-V1;ND;ND000180030502;2015-06-08 00:00:00;;;;
27;REC-DLV-R4DSPEA001B001C001-01-V1;ND;ND000180030503;2015-06-08 00:00:00;;;;
28;REC-DLV-R4DSPEA001B001C001-01-V1;CM;CM000180033134;2015-06-08 00:00:00;;;;
29;REC-DLV-R4DSPEA001B001C001-01-V1;CM;CM000180033569;2015-06-08 00:00:00;;;;
30;REC-DLV-R4DSPEA001B001C001-01-V1;CM;CM000180033570;2015-06-08 00:00:00;;;;
31;REC-DLV-R4DSPEA001B001C001-01-V1;CM;CM200180033134;2015-06-08 00:00:00;;;;
32;DIA-DPI-R4DSPEA001B001C002-01-V1;ND;ND000180030064;2015-06-08 00:00:00;;;;
33;DIA-DPI-R4DSPEA001B001C002-01-V1;ND;ND000180030065;2015-06-08 00:00:00;;;;
34;DIA-DPI-R4DSPEA001B001C002-01-V1;ND;ND000180030072;2015-06-08 00:00:00;;;;
35;DIA-DPI-R4DSPEA001B001C002-01-V1;ND;ND000180030091;2015-06-08 00:00:00;;;;
36;DIA-DPI-R4DSPEA001B001C002-01-V1;ND;ND000180031091;2015-06-08 00:00:00;;;;
37;DIA-DPI-R4DSPEA001B001C002-01-V1;ND;ND000180031092;2015-06-08 00:00:00;;;;
38;DIA-DPI-R4DSPEA001B001C002-01-V1;ND;ND000180031093;2015-06-08 00:00:00;;;;
39;DIA-DPI-R4DSPEA001B001C002-01-V1;ND;ND000180031100;2015-06-08 00:00:00;;;;
40;DIA-DPI-R4DSPEA001B001C002-01-V1;ND;ND000180031101;2015-06-08 00:00:00;;;;
41;DIA-DPI-R4DSPEA001B001C002-01-V1;CM;CM000180032598;2015-06-08 00:00:00;;;;
42;DIA-DPI-R4DSPEA001B001C002-01-V1;CM;CM000180032599;2015-06-08 00:00:00;;;;
43;DIA-DPI-R4DSPEA001B001C002-01-V1;CM;CM000180032602;2015-06-08 00:00:00;;;;
44;DIA-DPI-R4DSPEA001B001C002-01-V1;CM;CM000180032956;2015-06-08 00:00:00;;;;
45;DIA-DPI-R4DSPEA001B001C002-01-V1;CM;CM900180034418;2015-06-08 00:00:00;;;;
46;DIA-DPI-R4DSPEA001B001C002-01-V1;CM;CM900180034419;2015-06-08 00:00:00;;;;
47;DIA-DPI-R4DSPEA001B001C002-01-V1;CM;CM900180034420;2015-06-08 00:00:00;;;;
48;DIA-DPI-R4DSPEA001B001C002-01-V1;CM;CM900180034421;2015-06-08 00:00:00;;;;
49;DIA-DPI-R4DSPEA001B001C002-01-V1;CM;CM900180034422;2015-06-08 00:00:00;;;;
50;DIA-DPI-R4DSPEA001B001C002-01-V1;CM;CM200180032598;2015-06-08 00:00:00;;;;
51;DIA-DPI-R4DSPEA001B001C003-01-V1;ND;ND000180031094;2015-06-08 00:00:00;;;;
52;DIA-DPI-R4DSPEA001B001C003-01-V1;ND;ND000180031094;2015-06-08 00:00:00;;;;
53;DIA-DPI-R4DSPEA001B001C003-01-V1;ND;ND000180031094;2015-06-08 00:00:00;;;;
54;DIA-DPI-R4DSPEA001B001C003-01-V1;ND;ND000180031094;2015-06-08 00:00:00;;;;
55;DIA-DPI-R4DSPEA001B001C003-01-V1;ND;ND000180031094;2015-06-08 00:00:00;;;;
56;DIA-DPI-R4DSPEA001B001C003-01-V1;ND;ND000180031094;2015-06-08 00:00:00;;;;
57;DIA-DPI-R4DSPEA001B001C003-01-V1;ND;ND000180031094;2015-06-08 00:00:00;;;;
58;DIA-DPI-R4DSPEA001B001C003-01-V1;ND;ND000180031094;2015-06-08 00:00:00;;;;
59;DIA-DPI-R4DSPEA001B001C003-01-V1;CM;CM900180034601;2015-06-08 00:00:00;;;;
60;DIA-DPI-R4DSPEA001B001C003-01-V1;CM;CM900180034602;2015-06-08 00:00:00;;;;
61;DIA-DPI-R4DSPEA001B001C003-01-V1;CM;CM900180034603;2015-06-08 00:00:00;;;;
62;DIA-DPI-R4DSPEA001B001C003-01-V1;CM;CM900180034604;2015-06-08 00:00:00;;;;
63;DIA-DPI-R4DSPEA001B001C003-01-V1;CM;CM900180034605;2015-06-08 00:00:00;;;;
64;DIA-DPI-R4DSPEA001B001C003-01-V1;CM;CM900180034606;2015-06-08 00:00:00;;;;
65;DIA-DPI-R4DSPEA001B001C003-01-V1;CM;CM900180034607;2015-06-08 00:00:00;;;;
66;DIA-DPI-R4DSPEA001B001C004-01-V1;ND;ND000180031227;2015-06-08 00:00:00;;;;
67;DIA-DPI-R4DSPEA001B001C004-01-V1;ND;ND000180031330;2015-06-08 00:00:00;;;;
68;DIA-DPI-R4DSPEA001B001C004-01-V1;ND;ND000180032722;2015-06-08 00:00:00;;;;
69;DIA-DPI-R4DSPEA001B001C004-01-V1;CM;CM000180032958;2015-06-08 00:00:00;;;;
70;DIA-DPI-R4DSPEA001B001C004-01-V1;CM;CM900180034416;2015-06-08 00:00:00;;;;
71;DIA-DPI-R4DSPEA001B001C004-01-V1;CM;CM900180034417;2015-06-08 00:00:00;;;;
72;EXE-DTT-R4DSPEA001B001C001-01-V1;ND;ND000180030502;2015-06-08 00:00:00;;;;
73;EXE-DTT-R4DSPEA001B001C001-01-V1;ND;ND000180030503;2015-06-08 00:00:00;;;;
74;EXE-DTT-R4DSPEA001B001C001-01-V1;CM;CM000180033134;2015-06-08 00:00:00;;;;
75;EXE-DTT-R4DSPEA001B001C001-01-V1;CM;CM000180033569;2015-06-08 00:00:00;;;;
76;EXE-DTT-R4DSPEA001B001C001-01-V1;CM;CM000180033570;2015-06-08 00:00:00;;;;
77;EXE-DTT-R4DSPEA001B001C001-01-V1;CM;CM200180033134;2015-06-08 00:00:00;;;;
78;EXE-DAM-R4DSPEA001B001C001-01-V1;ND;ND000180030502;2015-06-08 00:00:00;;;;
79;EXE-DAM-R4DSPEA001B001C001-01-V1;ND;ND000180030503;2015-06-08 00:00:00;;;;
80;EXE-DAM-R4DSPEA001B001C001-01-V1;CM;CM000180033134;2015-06-08 00:00:00;;;;
81;EXE-DAM-R4DSPEA001B001C001-01-V1;CM;CM000180033569;2015-06-08 00:00:00;;;;
82;EXE-DAM-R4DSPEA001B001C001-01-V1;CM;CM000180033570;2015-06-08 00:00:00;;;;
83;EXE-DAM-R4DSPEA001B001C001-01-V1;CM;CM200180033134;2015-06-08 00:00:00;;;;
84;REC-DCI-R4DSPEA001B001C002-01-V1;ND;ND000180030064;2015-06-08 00:00:00;;;;
85;REC-DCI-R4DSPEA001B001C002-01-V1;ND;ND000180030065;2015-06-08 00:00:00;;;;
86;REC-DCI-R4DSPEA001B001C002-01-V1;ND;ND000180030072;2015-06-08 00:00:00;;;;
87;REC-DCI-R4DSPEA001B001C002-01-V1;ND;ND000180030091;2015-06-08 00:00:00;;;;
88;REC-DCI-R4DSPEA001B001C002-01-V1;ND;ND000180031091;2015-06-08 00:00:00;;;;
89;REC-DCI-R4DSPEA001B001C002-01-V1;ND;ND000180031092;2015-06-08 00:00:00;;;;
90;REC-DCI-R4DSPEA001B001C002-01-V1;ND;ND000180031093;2015-06-08 00:00:00;;;;
91;REC-DCI-R4DSPEA001B001C002-01-V1;ND;ND000180031100;2015-06-08 00:00:00;;;;
92;REC-DCI-R4DSPEA001B001C002-01-V1;ND;ND000180031101;2015-06-08 00:00:00;;;;
93;REC-DCI-R4DSPEA001B001C002-01-V1;CM;CM000180032598;2015-06-08 00:00:00;;;;
94;REC-DCI-R4DSPEA001B001C002-01-V1;CM;CM000180032599;2015-06-08 00:00:00;;;;
95;REC-DCI-R4DSPEA001B001C002-01-V1;CM;CM000180032602;2015-06-08 00:00:00;;;;
96;REC-DCI-R4DSPEA001B001C002-01-V1;CM;CM000180032956;2015-06-08 00:00:00;;;;
97;REC-DCI-R4DSPEA001B001C002-01-V1;CM;CM900180034418;2015-06-08 00:00:00;;;;
98;REC-DCI-R4DSPEA001B001C002-01-V1;CM;CM900180034419;2015-06-08 00:00:00;;;;
99;REC-DCI-R4DSPEA001B001C002-01-V1;CM;CM900180034420;2015-06-08 00:00:00;;;;
100;REC-DCI-R4DSPEA001B001C002-01-V1;CM;CM900180034421;2015-06-08 00:00:00;;;;
101;REC-DCI-R4DSPEA001B001C002-01-V1;CM;CM900180034422;2015-06-08 00:00:00;;;;
102;REC-DCI-R4DSPEA001B001C002-01-V1;CM;CM200180032598;2015-06-08 00:00:00;;;;
103;REC-DCI-R4DSPEA001B001C003-01-V2;ND;ND000180031094;2015-06-08 00:00:00;;;;
104;REC-DCI-R4DSPEA001B001C003-01-V2;ND;ND000180031284;2015-06-08 00:00:00;;;;
105;REC-DCI-R4DSPEA001B001C003-01-V2;ND;ND000180031287;2015-06-08 00:00:00;;;;
106;REC-DCI-R4DSPEA001B001C003-01-V2;ND;ND000180031292;2015-06-08 00:00:00;;;;
107;REC-DCI-R4DSPEA001B001C003-01-V2;ND;ND000180031301;2015-06-08 00:00:00;;;;
108;REC-DCI-R4DSPEA001B001C003-01-V2;ND;ND000180031350;2015-06-08 00:00:00;;;;
109;REC-DCI-R4DSPEA001B001C003-01-V2;ND;ND000180031413;2015-06-08 00:00:00;;;;
110;REC-DCI-R4DSPEA001B001C003-01-V2;ND;ND000180031414;2015-06-08 00:00:00;;;;
111;REC-DCI-R4DSPEA001B001C003-01-V2;CM;CM900180034601;2015-06-08 00:00:00;;;;
112;REC-DCI-R4DSPEA001B001C003-01-V2;CM;CM900180034602;2015-06-08 00:00:00;;;;
113;REC-DCI-R4DSPEA001B001C003-01-V2;CM;CM900180034603;2015-06-08 00:00:00;;;;
114;REC-DCI-R4DSPEA001B001C003-01-V2;CM;CM900180034604;2015-06-08 00:00:00;;;;
115;REC-DCI-R4DSPEA001B001C003-01-V2;CM;CM900180034605;2015-06-08 00:00:00;;;;
116;REC-DCI-R4DSPEA001B001C003-01-V2;CM;CM900180034606;2015-06-08 00:00:00;;;;
117;REC-DCI-R4DSPEA001B001C003-01-V2;CM;CM900180034607;2015-06-08 00:00:00;;;;
118;REC-DCI-R4DSPEA001B001C004-01-V1;ND;ND000180031227;2015-06-08 00:00:00;;;;
119;REC-DCI-R4DSPEA001B001C004-01-V1;ND;ND000180031330;2015-06-08 00:00:00;;;;
120;REC-DCI-R4DSPEA001B001C004-01-V1;ND;ND000180032722;2015-06-08 00:00:00;;;;
121;REC-DCI-R4DSPEA001B001C004-01-V1;CM;CM000180032958;2015-06-08 00:00:00;;;;
122;REC-DCI-R4DSPEA001B001C004-01-V1;CM;CM900180034416;2015-06-08 00:00:00;;;;
123;REC-DCI-R4DSPEA001B001C004-01-V1;CM;CM900180034417;2015-06-08 00:00:00;;;;
124;EXE-CPV-R4DSPEA001B001C001-01-V1;ND;ND000180030502;2015-06-08 00:00:00;;;;
125;EXE-CPV-R4DSPEA001B001C001-01-V1;ND;ND000180030503;2015-06-08 00:00:00;;;;
126;EXE-CPV-R4DSPEA001B001C001-01-V1;CM;CM000180033134;2015-06-08 00:00:00;;;;
127;EXE-CPV-R4DSPEA001B001C001-01-V1;CM;CM000180033569;2015-06-08 00:00:00;;;;
128;EXE-CPV-R4DSPEA001B001C001-01-V1;CM;CM000180033570;2015-06-08 00:00:00;;;;
129;EXE-CPV-R4DSPEA001B001C001-01-V1;CM;CM200180033134;2015-06-08 00:00:00;;;;
130;REC-MFX-R4DSPEA001B001C001-01-V1;ND;ND000180030502;2015-06-08 00:00:00;;;;
131;REC-MFX-R4DSPEA001B001C001-01-V1;ND;ND000180030502;2015-06-08 00:00:00;;;;
132;REC-MFX-R4DSPEA001B001C001-01-V1;CM;CM000180033134;2015-06-08 00:00:00;;;;
133;REC-MFX-R4DSPEA001B001C001-01-V1;CM;CM000180033569;2015-06-08 00:00:00;;;;
134;REC-MFX-R4DSPEA001B001C001-01-V1;CM;CM000180033570;2015-06-08 00:00:00;;;;
135;REC-MFX-R4DSPEA001B001C001-01-V1;CM;CM200180033134;2015-06-08 00:00:00;;;;
136;REC-MFX-R4DSPEA001B001C002-01-V1;ND;ND000180030064;2015-06-08 00:00:00;;;;
137;REC-MFX-R4DSPEA001B001C002-01-V1;ND;ND000180030065;2015-06-08 00:00:00;;;;
138;REC-MFX-R4DSPEA001B001C002-01-V1;ND;ND000180030072;2015-06-08 00:00:00;;;;
139;REC-MFX-R4DSPEA001B001C002-01-V1;ND;ND000180030091;2015-06-08 00:00:00;;;;
140;REC-MFX-R4DSPEA001B001C002-01-V1;ND;ND000180031091;2015-06-08 00:00:00;;;;
141;REC-MFX-R4DSPEA001B001C002-01-V1;ND;ND000180031092;2015-06-08 00:00:00;;;;
142;REC-MFX-R4DSPEA001B001C002-01-V1;ND;ND000180031093;2015-06-08 00:00:00;;;;
143;REC-MFX-R4DSPEA001B001C002-01-V1;ND;ND000180031100;2015-06-08 00:00:00;;;;
144;REC-MFX-R4DSPEA001B001C002-01-V1;ND;ND000180031101;2015-06-08 00:00:00;;;;
145;REC-MFX-R4DSPEA001B001C002-01-V1;CM;CM000180032598;2015-06-08 00:00:00;;;;
146;REC-MFX-R4DSPEA001B001C002-01-V1;CM;CM000180032599;2015-06-08 00:00:00;;;;
147;REC-MFX-R4DSPEA001B001C002-01-V1;CM;CM000180032602;2015-06-08 00:00:00;;;;
148;REC-MFX-R4DSPEA001B001C002-01-V1;CM;CM000180032956;2015-06-08 00:00:00;;;;
149;REC-MFX-R4DSPEA001B001C002-01-V1;CM;CM900180034418;2015-06-08 00:00:00;;;;
150;REC-MFX-R4DSPEA001B001C002-01-V1;CM;CM900180034419;2015-06-08 00:00:00;;;;
151;REC-MFX-R4DSPEA001B001C002-01-V1;CM;CM900180034420;2015-06-08 00:00:00;;;;
152;REC-MFX-R4DSPEA001B001C002-01-V1;CM;CM900180034421;2015-06-08 00:00:00;;;;
153;REC-MFX-R4DSPEA001B001C002-01-V1;CM;CM900180034422;2015-06-08 00:00:00;;;;
154;REC-MFX-R4DSPEA001B001C002-01-V1;CM;CM200180032598;2015-06-08 00:00:00;;;;
155;REC-RGC-R4DSPEA001B001C001-01-V1;ND;ND000180030502;2015-06-08 00:00:00;;;;
156;REC-RGC-R4DSPEA001B001C001-01-V1;ND;ND000180030503;2015-06-08 00:00:00;;;;
157;REC-RGC-R4DSPEA001B001C001-01-V1;CM;CM000180033134;2015-06-08 00:00:00;;;;
158;REC-RGC-R4DSPEA001B001C001-01-V1;CM;CM000180033569;2015-06-08 00:00:00;;;;
159;REC-RGC-R4DSPEA001B001C001-01-V1;CM;CM000180033570;2015-06-08 00:00:00;;;;
160;REC-RGC-R4DSPEA001B001C001-01-V1;CM;CM200180033134;2015-06-08 00:00:00;;;;
161;REC-RVR-R4DSPEA001B001C001-01-V3;ND;ND000180030502;2015-06-08 00:00:00;;;;
162;REC-RVR-R4DSPEA001B001C001-01-V3;ND;ND000180030503;2015-06-08 00:00:00;;;;
163;REC-RVR-R4DSPEA001B001C001-01-V3;CM;CM000180033134;2015-06-08 00:00:00;;;;
164;REC-RVR-R4DSPEA001B001C001-01-V3;CM;CM000180033569;2015-06-08 00:00:00;;;;
165;REC-RVR-R4DSPEA001B001C001-01-V3;CM;CM000180033570;2015-06-08 00:00:00;;;;
166;REC-RVR-R4DSPEA001B001C001-01-V3;CM;CM200180033134;2015-06-08 00:00:00;;;;
167;REC-PGC-R4DSPEA001B001C001-02-V1;ND;ND000180030502;2015-06-08 00:00:00;;;;
168;REC-PGC-R4DSPEA001B001C001-01-V1;ND;ND000180030503;2015-06-08 00:00:00;;;;
169;REC-SGC-R4DSPEA001B001C001-01-V1;ND;ND000180030503;2015-06-08 00:00:00;;;;
170;REC-SGC-R4DSPEA001B001C001-01-V1;ND;ND000180030091;2015-06-08 00:00:00;;;;
171;REC-PGC-R4DSPEA001B001C001-01-V1;ND;ND000180030091;2015-06-08 00:00:00;;;;
172;REC-PGC-R4DSPEA001B001C001-01-V1;CD;CD001800335691;2015-06-08 00:00:00;;;;
173;REC-PGC-R4DSPEA001B001C001-01-V1;CD;CD001800335692;2015-06-08 00:00:00;;;;
174;REC-PGC-R4DSPEA001B001C001-01-V1;CD;CD001800335693;2015-06-08 00:00:00;;;;
175;REC-PGC-R4DSPEA001B001C001-01-V1;CD;CD001800335694;2015-06-08 00:00:00;;;;
176;REC-PGC-R4DSPEA001B001C001-01-V1;CD;CD001800335695;2015-06-08 00:00:00;;;;
177;REC-PGC-R4DSPEA001B001C001-01-V1;CD;CD001800335701;2015-06-08 00:00:00;;;;
178;REC-PGC-R4DSPEA001B001C001-01-V1;CD;CD001800335702;2015-06-08 00:00:00;;;;
179;REC-PGC-R4DSPEA001B001C001-01-V1;CD;CD001800335703;2015-06-08 00:00:00;;;;
180;REC-PGC-R4DSPEA001B001C001-01-V1;CD;CD001800335704;2015-06-08 00:00:00;;;;
181;REC-PGC-R4DSPEA001B001C001-01-V1;CD;CD001800335705;2015-06-08 00:00:00;;;;
182;REC-PGC-R4DSPEA001B001C001-01-V1;CD;CD001800335706;2015-06-08 00:00:00;;;;
183;REC-PGC-R4DSPEA001B001C001-01-V1;CD;CD001800335707;2015-06-08 00:00:00;;;;
184;REC-SGC-R4DSPEA001B001C001-01-V1;CD;CD001800335691;2015-06-08 00:00:00;;;;
185;REC-SGC-R4DSPEA001B001C001-01-V1;CD;CD001800335692;2015-06-08 00:00:00;;;;
186;REC-SGC-R4DSPEA001B001C001-01-V1;CD;CD001800335693;2015-06-08 00:00:00;;;;
187;REC-SGC-R4DSPEA001B001C001-01-V1;CD;CD001800335694;2015-06-08 00:00:00;;;;
188;REC-SGC-R4DSPEA001B001C001-01-V1;CD;CD001800335695;2015-06-08 00:00:00;;;;
189;REC-PGC-R4DSPEA001B001C001-02-V1;ND;ND000180030065;2015-06-08 00:00:00;;;;
190;REC-PGC-R4DSPEA001B001C001-02-V1;CD;CD001800331341;2015-06-08 00:00:00;;;;
191;REC-PGC-R4DSPEA001B001C001-02-V1;CD;CD001800331342;2015-06-08 00:00:00;;;;
192;REC-PGC-R4DSPEA001B001C001-02-V1;CD;CD001800331343;2015-06-08 00:00:00;;;;
193;REC-PGC-R4DSPEA001B001C001-02-V1;CD;CD001800331344;2015-06-08 00:00:00;;;;
194;REC-PGC-R4DSPEA001B001C001-02-V1;CD;CD201800331341;2015-06-08 00:00:00;;;;
195;REC-PGC-R4DSPEA001B001C001-02-V1;CD;CD201800331342;2015-06-08 00:00:00;;;;
196;REC-PGC-R4DSPEA001B001C001-02-V1;CD;CD201800331343;2015-06-08 00:00:00;;;;
197;REC-PGC-R4DSPEA001B001C001-02-V1;CD;CD201800331344;2015-06-08 00:00:00;;;;
198;REC-DLV-R4DSPEA001B001C001-01-V1;CD;CD001800331341;2015-06-08 00:00:00;;;;
199;REC-DLV-R4DSPEA001B001C001-01-V1;CD;CD001800331342;2015-06-08 00:00:00;;;;
200;REC-DLV-R4DSPEA001B001C001-01-V1;CD;CD001800331343;2015-06-08 00:00:00;;;;
201;REC-DLV-R4DSPEA001B001C001-01-V1;CD;CD001800331344;2015-06-08 00:00:00;;;;
202;REC-DLV-R4DSPEA001B001C001-01-V1;CD;CD001800335691;2015-06-08 00:00:00;;;;
203;REC-DLV-R4DSPEA001B001C001-01-V1;CD;CD001800335692;2015-06-08 00:00:00;;;;
204;REC-DLV-R4DSPEA001B001C001-01-V1;CD;CD001800335693;2015-06-08 00:00:00;;;;
205;REC-DLV-R4DSPEA001B001C001-01-V1;CD;CD001800335694;2015-06-08 00:00:00;;;;
206;REC-DLV-R4DSPEA001B001C001-01-V1;CD;CD001800335695;2015-06-08 00:00:00;;;;
207;REC-DLV-R4DSPEA001B001C001-01-V1;CD;CD001800335701;2015-06-08 00:00:00;;;;
208;REC-DLV-R4DSPEA001B001C001-01-V1;CD;CD001800335702;2015-06-08 00:00:00;;;;
209;REC-DLV-R4DSPEA001B001C001-01-V1;CD;CD001800335703;2015-06-08 00:00:00;;;;
210;REC-DLV-R4DSPEA001B001C001-01-V1;CD;CD001800335704;2015-06-08 00:00:00;;;;
211;REC-DLV-R4DSPEA001B001C001-01-V1;CD;CD001800335705;2015-06-08 00:00:00;;;;
212;REC-DLV-R4DSPEA001B001C001-01-V1;CD;CD001800335706;2015-06-08 00:00:00;;;;
213;REC-DLV-R4DSPEA001B001C001-01-V1;CD;CD001800335707;2015-06-08 00:00:00;;;;
214;REC-DLV-R4DSPEA001B001C001-01-V1;CD;CD201800331341;2015-06-08 00:00:00;;;;
215;REC-DLV-R4DSPEA001B001C001-01-V1;CD;CD201800331342;2015-06-08 00:00:00;;;;
216;REC-DLV-R4DSPEA001B001C001-01-V1;CD;CD201800331343;2015-06-08 00:00:00;;;;
217;REC-DLV-R4DSPEA001B001C001-01-V1;CD;CD201800331344;2015-06-08 00:00:00;;;;
218;EXE-DTT-R4DSPEA001B001C001-01-V1;CD;CD001800331341;2015-06-08 00:00:00;;;;
219;EXE-DTT-R4DSPEA001B001C001-01-V1;CD;CD001800331342;2015-06-08 00:00:00;;;;
220;EXE-DTT-R4DSPEA001B001C001-01-V1;CD;CD001800331343;2015-06-08 00:00:00;;;;
221;EXE-DTT-R4DSPEA001B001C001-01-V1;CD;CD001800331344;2015-06-08 00:00:00;;;;
222;EXE-DTT-R4DSPEA001B001C001-01-V1;CD;CD001800335691;2015-06-08 00:00:00;;;;
223;EXE-DTT-R4DSPEA001B001C001-01-V1;CD;CD001800335692;2015-06-08 00:00:00;;;;
224;EXE-DTT-R4DSPEA001B001C001-01-V1;CD;CD001800335693;2015-06-08 00:00:00;;;;
225;EXE-DTT-R4DSPEA001B001C001-01-V1;CD;CD001800335694;2015-06-08 00:00:00;;;;
226;EXE-DTT-R4DSPEA001B001C001-01-V1;CD;CD001800335695;2015-06-08 00:00:00;;;;
227;EXE-DTT-R4DSPEA001B001C001-01-V1;CD;CD001800335701;2015-06-08 00:00:00;;;;
228;EXE-DTT-R4DSPEA001B001C001-01-V1;CD;CD001800335702;2015-06-08 00:00:00;;;;
229;EXE-DTT-R4DSPEA001B001C001-01-V1;CD;CD001800335703;2015-06-08 00:00:00;;;;
230;EXE-DTT-R4DSPEA001B001C001-01-V1;CD;CD001800335704;2015-06-08 00:00:00;;;;
231;EXE-DTT-R4DSPEA001B001C001-01-V1;CD;CD001800335705;2015-06-08 00:00:00;;;;
232;EXE-DTT-R4DSPEA001B001C001-01-V1;CD;CD001800335706;2015-06-08 00:00:00;;;;
233;EXE-DTT-R4DSPEA001B001C001-01-V1;CD;CD001800335707;2015-06-08 00:00:00;;;;
234;EXE-DTT-R4DSPEA001B001C001-01-V1;CD;CD201800331341;2015-06-08 00:00:00;;;;
235;EXE-DTT-R4DSPEA001B001C001-01-V1;CD;CD201800331342;2015-06-08 00:00:00;;;;
236;EXE-DTT-R4DSPEA001B001C001-01-V1;CD;CD201800331343;2015-06-08 00:00:00;;;;
237;EXE-DTT-R4DSPEA001B001C001-01-V1;CD;CD201800331344;2015-06-08 00:00:00;;;;
238;EXE-DAM-R4DSPEA001B001C001-01-V1;CD;CD001800331341;2015-06-08 00:00:00;;;;
239;EXE-DAM-R4DSPEA001B001C001-01-V1;CD;CD001800331342;2015-06-08 00:00:00;;;;
240;EXE-DAM-R4DSPEA001B001C001-01-V1;CD;CD001800331343;2015-06-08 00:00:00;;;;
241;EXE-DAM-R4DSPEA001B001C001-01-V1;CD;CD001800331344;2015-06-08 00:00:00;;;;
242;EXE-DAM-R4DSPEA001B001C001-01-V1;CD;CD001800335691;2015-06-08 00:00:00;;;;
243;EXE-DAM-R4DSPEA001B001C001-01-V1;CD;CD001800335692;2015-06-08 00:00:00;;;;
244;EXE-DAM-R4DSPEA001B001C001-01-V1;CD;CD001800335693;2015-06-08 00:00:00;;;;
245;EXE-DAM-R4DSPEA001B001C001-01-V1;CD;CD001800335694;2015-06-08 00:00:00;;;;
246;EXE-DAM-R4DSPEA001B001C001-01-V1;CD;CD001800335695;2015-06-08 00:00:00;;;;
247;EXE-DAM-R4DSPEA001B001C001-01-V1;CD;CD001800335701;2015-06-08 00:00:00;;;;
248;EXE-DAM-R4DSPEA001B001C001-01-V1;CD;CD001800335702;2015-06-08 00:00:00;;;;
249;EXE-DAM-R4DSPEA001B001C001-01-V1;CD;CD001800335703;2015-06-08 00:00:00;;;;
250;EXE-DAM-R4DSPEA001B001C001-01-V1;CD;CD001800335704;2015-06-08 00:00:00;;;;
251;EXE-DAM-R4DSPEA001B001C001-01-V1;CD;CD001800335705;2015-06-08 00:00:00;;;;
252;EXE-DAM-R4DSPEA001B001C001-01-V1;CD;CD001800335706;2015-06-08 00:00:00;;;;
253;EXE-DAM-R4DSPEA001B001C001-01-V1;CD;CD001800335707;2015-06-08 00:00:00;;;;
254;EXE-DAM-R4DSPEA001B001C001-01-V1;CD;CD201800331341;2015-06-08 00:00:00;;;;
255;EXE-DAM-R4DSPEA001B001C001-01-V1;CD;CD201800331342;2015-06-08 00:00:00;;;;
256;EXE-DAM-R4DSPEA001B001C001-01-V1;CD;CD201800331343;2015-06-08 00:00:00;;;;
257;EXE-DAM-R4DSPEA001B001C001-01-V1;CD;CD201800331344;2015-06-08 00:00:00;;;;
258;EXE-CPV-R4DSPEA001B001C001-01-V1;CD;CD001800331341;2015-06-08 00:00:00;;;;
259;EXE-CPV-R4DSPEA001B001C001-01-V1;CD;CD001800331342;2015-06-08 00:00:00;;;;
260;EXE-CPV-R4DSPEA001B001C001-01-V1;CD;CD001800331343;2015-06-08 00:00:00;;;;
261;EXE-CPV-R4DSPEA001B001C001-01-V1;CD;CD001800331344;2015-06-08 00:00:00;;;;
262;EXE-CPV-R4DSPEA001B001C001-01-V1;CD;CD001800335691;2015-06-08 00:00:00;;;;
263;EXE-CPV-R4DSPEA001B001C001-01-V1;CD;CD001800335692;2015-06-08 00:00:00;;;;
264;EXE-CPV-R4DSPEA001B001C001-01-V1;CD;CD001800335693;2015-06-08 00:00:00;;;;
265;EXE-CPV-R4DSPEA001B001C001-01-V1;CD;CD001800335694;2015-06-08 00:00:00;;;;
266;EXE-CPV-R4DSPEA001B001C001-01-V1;CD;CD001800335695;2015-06-08 00:00:00;;;;
267;EXE-CPV-R4DSPEA001B001C001-01-V1;CD;CD001800335701;2015-06-08 00:00:00;;;;
268;EXE-CPV-R4DSPEA001B001C001-01-V1;CD;CD001800335702;2015-06-08 00:00:00;;;;
269;EXE-CPV-R4DSPEA001B001C001-01-V1;CD;CD001800335703;2015-06-08 00:00:00;;;;
270;EXE-CPV-R4DSPEA001B001C001-01-V1;CD;CD001800335704;2015-06-08 00:00:00;;;;
271;EXE-CPV-R4DSPEA001B001C001-01-V1;CD;CD001800335705;2015-06-08 00:00:00;;;;
272;EXE-CPV-R4DSPEA001B001C001-01-V1;CD;CD001800335706;2015-06-08 00:00:00;;;;
273;EXE-CPV-R4DSPEA001B001C001-01-V1;CD;CD001800335707;2015-06-08 00:00:00;;;;
274;EXE-CPV-R4DSPEA001B001C001-01-V1;CD;CD201800331341;2015-06-08 00:00:00;;;;
275;EXE-CPV-R4DSPEA001B001C001-01-V1;CD;CD201800331342;2015-06-08 00:00:00;;;;
276;EXE-CPV-R4DSPEA001B001C001-01-V1;CD;CD201800331343;2015-06-08 00:00:00;;;;
277;EXE-CPV-R4DSPEA001B001C001-01-V1;CD;CD201800331344;2015-06-08 00:00:00;;;;
278;REC-MFX-R4DSPEA001B001C001-01-V1;CD;CD001800331341;2015-06-08 00:00:00;;;;
279;REC-MFX-R4DSPEA001B001C001-01-V1;CD;CD001800331342;2015-06-08 00:00:00;;;;
280;REC-MFX-R4DSPEA001B001C001-01-V1;CD;CD001800331343;2015-06-08 00:00:00;;;;
281;REC-MFX-R4DSPEA001B001C001-01-V1;CD;CD001800331344;2015-06-08 00:00:00;;;;
282;REC-MFX-R4DSPEA001B001C001-01-V1;CD;CD001800335691;2015-06-08 00:00:00;;;;
283;REC-MFX-R4DSPEA001B001C001-01-V1;CD;CD001800335692;2015-06-08 00:00:00;;;;
284;REC-MFX-R4DSPEA001B001C001-01-V1;CD;CD001800335693;2015-06-08 00:00:00;;;;
285;REC-MFX-R4DSPEA001B001C001-01-V1;CD;CD001800335694;2015-06-08 00:00:00;;;;
286;REC-MFX-R4DSPEA001B001C001-01-V1;CD;CD001800335695;2015-06-08 00:00:00;;;;
287;REC-MFX-R4DSPEA001B001C001-01-V1;CD;CD001800335701;2015-06-08 00:00:00;;;;
288;REC-MFX-R4DSPEA001B001C001-01-V1;CD;CD001800335702;2015-06-08 00:00:00;;;;
289;REC-MFX-R4DSPEA001B001C001-01-V1;CD;CD001800335703;2015-06-08 00:00:00;;;;
290;REC-MFX-R4DSPEA001B001C001-01-V1;CD;CD001800335704;2015-06-08 00:00:00;;;;
291;REC-MFX-R4DSPEA001B001C001-01-V1;CD;CD001800335705;2015-06-08 00:00:00;;;;
292;REC-MFX-R4DSPEA001B001C001-01-V1;CD;CD001800335706;2015-06-08 00:00:00;;;;
293;REC-MFX-R4DSPEA001B001C001-01-V1;CD;CD001800335707;2015-06-08 00:00:00;;;;
294;REC-MFX-R4DSPEA001B001C001-01-V1;CD;CD201800331341;2015-06-08 00:00:00;;;;
295;REC-MFX-R4DSPEA001B001C001-01-V1;CD;CD201800331342;2015-06-08 00:00:00;;;;
296;REC-MFX-R4DSPEA001B001C001-01-V1;CD;CD201800331343;2015-06-08 00:00:00;;;;
297;REC-MFX-R4DSPEA001B001C001-01-V1;CD;CD201800331344;2015-06-08 00:00:00;;;;
298;REC-RGC-R4DSPEA001B001C001-01-V1;CD;CD001800331341;2015-06-08 00:00:00;;;;
299;REC-RGC-R4DSPEA001B001C001-01-V1;CD;CD001800331342;2015-06-08 00:00:00;;;;
300;REC-RGC-R4DSPEA001B001C001-01-V1;CD;CD001800331343;2015-06-08 00:00:00;;;;
301;REC-RGC-R4DSPEA001B001C001-01-V1;CD;CD001800331344;2015-06-08 00:00:00;;;;
302;REC-RGC-R4DSPEA001B001C001-01-V1;CD;CD001800335691;2015-06-08 00:00:00;;;;
303;REC-RGC-R4DSPEA001B001C001-01-V1;CD;CD001800335692;2015-06-08 00:00:00;;;;
304;REC-RGC-R4DSPEA001B001C001-01-V1;CD;CD001800335693;2015-06-08 00:00:00;;;;
305;REC-RGC-R4DSPEA001B001C001-01-V1;CD;CD001800335694;2015-06-08 00:00:00;;;;
306;REC-RGC-R4DSPEA001B001C001-01-V1;CD;CD001800335695;2015-06-08 00:00:00;;;;
307;REC-RGC-R4DSPEA001B001C001-01-V1;CD;CD001800335701;2015-06-08 00:00:00;;;;
308;REC-RGC-R4DSPEA001B001C001-01-V1;CD;CD001800335702;2015-06-08 00:00:00;;;;
309;REC-RGC-R4DSPEA001B001C001-01-V1;CD;CD001800335703;2015-06-08 00:00:00;;;;
310;REC-RGC-R4DSPEA001B001C001-01-V1;CD;CD001800335704;2015-06-08 00:00:00;;;;
311;REC-RGC-R4DSPEA001B001C001-01-V1;CD;CD001800335705;2015-06-08 00:00:00;;;;
312;REC-RGC-R4DSPEA001B001C001-01-V1;CD;CD001800335706;2015-06-08 00:00:00;;;;
313;REC-RGC-R4DSPEA001B001C001-01-V1;CD;CD001800335707;2015-06-08 00:00:00;;;;
314;REC-RGC-R4DSPEA001B001C001-01-V1;CD;CD201800331341;2015-06-08 00:00:00;;;;
315;REC-RGC-R4DSPEA001B001C001-01-V1;CD;CD201800331342;2015-06-08 00:00:00;;;;
316;REC-RGC-R4DSPEA001B001C001-01-V1;CD;CD201800331343;2015-06-08 00:00:00;;;;
317;REC-RGC-R4DSPEA001B001C001-01-V1;CD;CD201800331344;2015-06-08 00:00:00;;;;
318;REC-RVR-R4DSPEA001B001C001-01-V3;CD;CD001800331341;2015-06-08 00:00:00;;;;
319;REC-RVR-R4DSPEA001B001C001-01-V3;CD;CD001800331342;2015-06-08 00:00:00;;;;
320;REC-RVR-R4DSPEA001B001C001-01-V3;CD;CD001800331343;2015-06-08 00:00:00;;;;
321;REC-RVR-R4DSPEA001B001C001-01-V3;CD;CD001800331344;2015-06-08 00:00:00;;;;
322;REC-RVR-R4DSPEA001B001C001-01-V3;CD;CD001800335691;2015-06-08 00:00:00;;;;
323;REC-RVR-R4DSPEA001B001C001-01-V3;CD;CD001800335692;2015-06-08 00:00:00;;;;
324;REC-RVR-R4DSPEA001B001C001-01-V3;CD;CD001800335693;2015-06-08 00:00:00;;;;
325;REC-RVR-R4DSPEA001B001C001-01-V3;CD;CD001800335694;2015-06-08 00:00:00;;;;
326;REC-RVR-R4DSPEA001B001C001-01-V3;CD;CD001800335695;2015-06-08 00:00:00;;;;
327;REC-RVR-R4DSPEA001B001C001-01-V3;CD;CD001800335701;2015-06-08 00:00:00;;;;
328;REC-RVR-R4DSPEA001B001C001-01-V3;CD;CD001800335702;2015-06-08 00:00:00;;;;
329;REC-RVR-R4DSPEA001B001C001-01-V3;CD;CD001800335703;2015-06-08 00:00:00;;;;
330;REC-RVR-R4DSPEA001B001C001-01-V3;CD;CD001800335704;2015-06-08 00:00:00;;;;
331;REC-RVR-R4DSPEA001B001C001-01-V3;CD;CD001800335705;2015-06-08 00:00:00;;;;
332;REC-RVR-R4DSPEA001B001C001-01-V3;CD;CD001800335706;2015-06-08 00:00:00;;;;
333;REC-RVR-R4DSPEA001B001C001-01-V3;CD;CD001800335707;2015-06-08 00:00:00;;;;
334;REC-RVR-R4DSPEA001B001C001-01-V3;CD;CD201800331341;2015-06-08 00:00:00;;;;
335;REC-RVR-R4DSPEA001B001C001-01-V3;CD;CD201800331342;2015-06-08 00:00:00;;;;
336;REC-RVR-R4DSPEA001B001C001-01-V3;CD;CD201800331343;2015-06-08 00:00:00;;;;
337;REC-RVR-R4DSPEA001B001C001-01-V3;CD;CD201800331344;2015-06-08 00:00:00;;;;
338;REC-DCI-R4DSPEA001B001C003-01-V2;CD;CD001800325981;2015-06-08 00:00:00;;;;
339;REC-DCI-R4DSPEA001B001C003-01-V2;CD;CD001800325991;2015-06-08 00:00:00;;;;
340;REC-DCI-R4DSPEA001B001C003-01-V2;CD;CD001800326021;2015-06-08 00:00:00;;;;
341;REC-DCI-R4DSPEA001B001C003-01-V2;CD;CD001800329561;2015-06-08 00:00:00;;;;
342;DIA-DPI-R4DSPEA001B001C003-01-V1;CD;CD001800325981;2015-06-08 00:00:00;;;;
343;DIA-DPI-R4DSPEA001B001C003-01-V1;CD;CD001800325991;2015-06-08 00:00:00;;;;
344;DIA-DPI-R4DSPEA001B001C003-01-V1;CD;CD001800326021;2015-06-08 00:00:00;;;;
345;DIA-DPI-R4DSPEA001B001C003-01-V1;CD;CD001800329561;2015-06-08 00:00:00;;;;
346;REC-MFX-R4DSPEA001B001C002-01-V1;CD;CD001800325981;2015-06-08 00:00:00;;;;
347;REC-MFX-R4DSPEA001B001C002-01-V1;CD;CD001800325991;2015-06-08 00:00:00;;;;
348;REC-MFX-R4DSPEA001B001C002-01-V1;CD;CD001800326021;2015-06-08 00:00:00;;;;
349;REC-MFX-R4DSPEA001B001C002-01-V1;CD;CD001800329561;2015-06-08 00:00:00;;;;
350;DIA-DPI-R4DSPEA001B001C004-01-V1;CD;CD001800329581;2015-06-08 00:00:00;;;;
351;REC-DCI-R4DSPEA001B001C004-01-V1;CD;CD001800329581;2015-06-08 00:00:00;;;;
352;REC-ETU-R4DSPEA001B001-01-V1;ZD;ZD000180030001;2015-06-08 00:00:00;;;;
353;REC-ETU-R4DSPEA001B001-01-V1;ND;ND000180030001;2015-06-08 00:00:00;;;;
354;REC-ETU-R4DSPEA001B001-01-V1;ND;ND000180030064;2015-06-08 00:00:00;;;;
355;REC-ETU-R4DSPEA001B001-01-V1;ND;ND000180030065;2015-06-08 00:00:00;;;;
356;REC-ETU-R4DSPEA001B001-01-V1;ND;ND000180030072;2015-06-08 00:00:00;;;;
357;REC-ETU-R4DSPEA001B001-01-V1;ND;ND000180030091;2015-06-08 00:00:00;;;;
358;REC-ETU-R4DSPEA001B001-01-V1;ND;ND000180030502;2015-06-08 00:00:00;;;;
359;REC-ETU-R4DSPEA001B001-01-V1;ND;ND000180030503;2015-06-08 00:00:00;;;;
360;REC-ETU-R4DSPEA001B001-01-V1;ND;ND000180031091;2015-06-08 00:00:00;;;;
361;REC-ETU-R4DSPEA001B001-01-V1;ND;ND000180031092;2015-06-08 00:00:00;;;;
362;REC-ETU-R4DSPEA001B001-01-V1;ND;ND000180031093;2015-06-08 00:00:00;;;;
363;REC-ETU-R4DSPEA001B001-01-V1;ND;ND000180031094;2015-06-08 00:00:00;;;;
364;REC-ETU-R4DSPEA001B001-01-V1;ND;ND000180031100;2015-06-08 00:00:00;;;;
365;REC-ETU-R4DSPEA001B001-01-V1;ND;ND000180031101;2015-06-08 00:00:00;;;;
366;REC-ETU-R4DSPEA001B001-01-V1;ND;ND000180031227;2015-06-08 00:00:00;;;;
367;REC-ETU-R4DSPEA001B001-01-V1;ND;ND000180031284;2015-06-08 00:00:00;;;;
368;REC-ETU-R4DSPEA001B001-01-V1;ND;ND000180031287;2015-06-08 00:00:00;;;;
369;REC-ETU-R4DSPEA001B001-01-V1;ND;ND000180031292;2015-06-08 00:00:00;;;;
370;REC-ETU-R4DSPEA001B001-01-V1;ND;ND000180031301;2015-06-08 00:00:00;;;;
371;REC-ETU-R4DSPEA001B001-01-V1;ND;ND000180031330;2015-06-08 00:00:00;;;;
372;REC-ETU-R4DSPEA001B001-01-V1;ND;ND000180031350;2015-06-08 00:00:00;;;;
373;REC-ETU-R4DSPEA001B001-01-V1;ND;ND000180031413;2015-06-08 00:00:00;;;;
374;REC-ETU-R4DSPEA001B001-01-V1;ND;ND000180031414;2015-06-08 00:00:00;;;;
375;REC-ETU-R4DSPEA001B001-01-V1;ND;ND000180032722;2015-06-08 00:00:00;;;;
376;REC-ETU-R4DSPEA001B001-01-V1;ND;ND000180032793;2015-06-08 00:00:00;;;;
377;REC-ETU-R4DSPEA001B001-01-V1;ND;ND200180030502;2015-06-08 00:00:00;;;;
378;REC-ETU-R4DSPEA001B001-01-V1;CB;CB000180030001;2015-06-08 00:00:00;;;;
379;REC-ETU-R4DSPEA001B001-01-V1;CB;CB000180030003;2015-06-08 00:00:00;;;;
380;REC-ETU-R4DSPEA001B001-01-V1;CB;CB000180030007;2015-06-08 00:00:00;;;;
381;REC-ETU-R4DSPEA001B001-01-V1;CB;CB000180030329;2015-06-08 00:00:00;;;;
382;REC-ETU-R4DSPEA001B001-01-V1;CB;CB000180030341;2015-06-08 00:00:00;;;;
383;REC-ETU-R4DSPEA001B001-01-V1;CB;CB000180030739;2015-06-08 00:00:00;;;;
384;REC-ETU-R4DSPEA001B001-01-V1;CB;CB000180030916;2015-06-08 00:00:00;;;;
385;REC-ETU-R4DSPEA001B001-01-V1;CB;CB000180030975;2015-06-08 00:00:00;;;;
386;REC-ETU-R4DSPEA001B001-01-V1;CB;CB000180034416;2015-06-08 00:00:00;;;;
387;REC-ETU-R4DSPEA001B001-01-V1;CB;CB000180034417;2015-06-08 00:00:00;;;;
388;REC-ETU-R4DSPEA001B001-01-V1;CB;CB000180034418;2015-06-08 00:00:00;;;;
389;REC-ETU-R4DSPEA001B001-01-V1;CB;CB000180034419;2015-06-08 00:00:00;;;;
390;REC-ETU-R4DSPEA001B001-01-V1;CB;CB000180034420;2015-06-08 00:00:00;;;;
391;REC-ETU-R4DSPEA001B001-01-V1;CB;CB000180034421;2015-06-08 00:00:00;;;;
392;REC-ETU-R4DSPEA001B001-01-V1;CB;CB000180034422;2015-06-08 00:00:00;;;;
393;REC-ETU-R4DSPEA001B001-01-V1;CB;CB000180034601;2015-06-08 00:00:00;;;;
394;REC-ETU-R4DSPEA001B001-01-V1;CB;CB000180034602;2015-06-08 00:00:00;;;;
395;REC-ETU-R4DSPEA001B001-01-V1;CB;CB000180034603;2015-06-08 00:00:00;;;;
396;REC-ETU-R4DSPEA001B001-01-V1;CB;CB000180034604;2015-06-08 00:00:00;;;;
397;REC-ETU-R4DSPEA001B001-01-V1;CB;CB000180034605;2015-06-08 00:00:00;;;;
398;REC-ETU-R4DSPEA001B001-01-V1;CB;CB000180034606;2015-06-08 00:00:00;;;;
399;REC-ETU-R4DSPEA001B001-01-V1;CB;CB000180034607;2015-06-08 00:00:00;;;;
400;EXE-ETU-R4DSPEA001B001-01-V1;ZN;ZN000180030001;2015-06-08 00:00:00;;;;
401;EXE-ETU-R4DSPEA001B001-01-V1;ZS;ZS000000000007;2015-06-08 00:00:00;;;;
402;REC-ETU-R4DSPEA001B001-01-V1;CM;CM100180031521;2015-06-08 00:00:00;;;;
403;REC-ETU-R4DSPEA001B001-01-V1;CM;CM000180032598;2015-06-08 00:00:00;;;;
404;REC-ETU-R4DSPEA001B001-01-V1;CM;CM000180032599;2015-06-08 00:00:00;;;;
405;REC-ETU-R4DSPEA001B001-01-V1;CM;CM000180032602;2015-06-08 00:00:00;;;;
406;REC-ETU-R4DSPEA001B001-01-V1;CM;CM000180032956;2015-06-08 00:00:00;;;;
407;REC-ETU-R4DSPEA001B001-01-V1;CM;CM000180032958;2015-06-08 00:00:00;;;;
408;REC-ETU-R4DSPEA001B001-01-V1;CM;CM000180033134;2015-06-08 00:00:00;;;;
409;REC-ETU-R4DSPEA001B001-01-V1;CM;CM000180033569;2015-06-08 00:00:00;;;;
410;REC-ETU-R4DSPEA001B001-01-V1;CM;CM000180033570;2015-06-08 00:00:00;;;;
411;REC-ETU-R4DSPEA001B001-01-V1;CM;CM900180034416;2015-06-08 00:00:00;;;;
412;REC-ETU-R4DSPEA001B001-01-V1;CM;CM900180034417;2015-06-08 00:00:00;;;;
413;REC-ETU-R4DSPEA001B001-01-V1;CM;CM900180034418;2015-06-08 00:00:00;;;;
414;REC-ETU-R4DSPEA001B001-01-V1;CM;CM900180034419;2015-06-08 00:00:00;;;;
415;REC-ETU-R4DSPEA001B001-01-V1;CM;CM900180034420;2015-06-08 00:00:00;;;;
416;REC-ETU-R4DSPEA001B001-01-V1;CM;CM900180034421;2015-06-08 00:00:00;;;;
417;REC-ETU-R4DSPEA001B001-01-V1;CM;CM900180034422;2015-06-08 00:00:00;;;;
418;REC-ETU-R4DSPEA001B001-01-V1;CM;CM900180034601;2015-06-08 00:00:00;;;;
419;REC-ETU-R4DSPEA001B001-01-V1;CM;CM900180034602;2015-06-08 00:00:00;;;;
420;REC-ETU-R4DSPEA001B001-01-V1;CM;CM900180034603;2015-06-08 00:00:00;;;;
421;REC-ETU-R4DSPEA001B001-01-V1;CM;CM900180034604;2015-06-08 00:00:00;;;;
422;REC-ETU-R4DSPEA001B001-01-V1;CM;CM900180034605;2015-06-08 00:00:00;;;;
423;REC-ETU-R4DSPEA001B001-01-V1;CM;CM900180034606;2015-06-08 00:00:00;;;;
424;REC-ETU-R4DSPEA001B001-01-V1;CM;CM900180034607;2015-06-08 00:00:00;;;;
425;REC-ETU-R4DSPEA001B001-01-V1;CM;CM200180032598;2015-06-08 00:00:00;;;;
426;REC-ETU-R4DSPEA001B001-01-V1;CM;CM200180033134;2015-06-08 00:00:00;;;;
427;REC-ETU-R4DSPEA001B001-01-V1;ZN;ZN000180030001;2015-06-08 00:00:00;;;;
428;REC-ETU-R4DSPEA001B001-01-V1;ZS;ZS000000000007;2015-06-08 00:00:00;;;;
429;REC-ETU-R4DSPEA001B001-01-V1;ZP;ZP000180030675;2015-06-08 00:00:00;;;;
430;REC-ETU-R4DSPEA001B001-01-V1;ZP;ZP000180030676;2015-06-08 00:00:00;;;;
431;REC-ETU-R4DSPEA001B001-01-V1;ZP;ZP000180030698;2015-06-08 00:00:00;;;;
432;REC-ETU-R4DSPEA001B001-01-V1;CD;CD001800325981;2015-06-08 00:00:00;;;;
433;REC-ETU-R4DSPEA001B001-01-V1;CD;CD001800325991;2015-06-08 00:00:00;;;;
434;REC-ETU-R4DSPEA001B001-01-V1;CD;CD001800326021;2015-06-08 00:00:00;;;;
435;REC-ETU-R4DSPEA001B001-01-V1;CD;CD001800329561;2015-06-08 00:00:00;;;;
436;REC-ETU-R4DSPEA001B001-01-V1;CD;CD001800329581;2015-06-08 00:00:00;;;;
437;REC-ETU-R4DSPEA001B001-01-V1;CD;CD001800331341;2015-06-08 00:00:00;;;;
438;REC-ETU-R4DSPEA001B001-01-V1;CD;CD001800331342;2015-06-08 00:00:00;;;;
439;REC-ETU-R4DSPEA001B001-01-V1;CD;CD001800331343;2015-06-08 00:00:00;;;;
440;REC-ETU-R4DSPEA001B001-01-V1;CD;CD001800331344;2015-06-08 00:00:00;;;;
441;REC-ETU-R4DSPEA001B001-01-V1;CD;CD001800335691;2015-06-08 00:00:00;;;;
442;REC-ETU-R4DSPEA001B001-01-V1;CD;CD001800335692;2015-06-08 00:00:00;;;;
443;REC-ETU-R4DSPEA001B001-01-V1;CD;CD001800335693;2015-06-08 00:00:00;;;;
444;REC-ETU-R4DSPEA001B001-01-V1;CD;CD001800335694;2015-06-08 00:00:00;;;;
445;REC-ETU-R4DSPEA001B001-01-V1;CD;CD001800335695;2015-06-08 00:00:00;;;;
446;REC-ETU-R4DSPEA001B001-01-V1;CD;CD001800335701;2015-06-08 00:00:00;;;;
447;REC-ETU-R4DSPEA001B001-01-V1;CD;CD001800335702;2015-06-08 00:00:00;;;;
448;REC-ETU-R4DSPEA001B001-01-V1;CD;CD001800335703;2015-06-08 00:00:00;;;;
449;REC-ETU-R4DSPEA001B001-01-V1;CD;CD001800335704;2015-06-08 00:00:00;;;;
450;REC-ETU-R4DSPEA001B001-01-V1;CD;CD001800335705;2015-06-08 00:00:00;;;;
451;REC-ETU-R4DSPEA001B001-01-V1;CD;CD001800335706;2015-06-08 00:00:00;;;;
452;REC-ETU-R4DSPEA001B001-01-V1;CD;CD001800335707;2015-06-08 00:00:00;;;;
453;REC-ETU-R4DSPEA001B001-01-V1;CD;CD201800331341;2015-06-08 00:00:00;;;;
454;REC-ETU-R4DSPEA001B001-01-V1;CD;CD201800331342;2015-06-08 00:00:00;;;;
455;REC-ETU-R4DSPEA001B001-01-V1;CD;CD201800331343;2015-06-08 00:00:00;;;;
456;REC-ETU-R4DSPEA001B001-01-V1;CD;CD201800331344;2015-06-08 00:00:00;;;;
457;EXE-ETU-R4DSPEA001B001-01-V1;ZD;ZD000180030001;2015-06-08 00:00:00;;;;
458;EXE-ETU-R4DSPEA001B001-01-V1;ND;ND000180030001;2015-06-08 00:00:00;;;;
459;EXE-ETU-R4DSPEA001B001-01-V1;ND;ND000180030064;2015-06-08 00:00:00;;;;
460;EXE-ETU-R4DSPEA001B001-01-V1;ND;ND000180030065;2015-06-08 00:00:00;;;;
461;EXE-ETU-R4DSPEA001B001-01-V1;ND;ND000180030072;2015-06-08 00:00:00;;;;
462;EXE-ETU-R4DSPEA001B001-01-V1;ND;ND000180030091;2015-06-08 00:00:00;;;;
463;EXE-ETU-R4DSPEA001B001-01-V1;ND;ND000180030502;2015-06-08 00:00:00;;;;
464;EXE-ETU-R4DSPEA001B001-01-V1;ND;ND000180030503;2015-06-08 00:00:00;;;;
465;EXE-ETU-R4DSPEA001B001-01-V1;ND;ND000180031091;2015-06-08 00:00:00;;;;
466;EXE-ETU-R4DSPEA001B001-01-V1;ND;ND000180031092;2015-06-08 00:00:00;;;;
467;EXE-ETU-R4DSPEA001B001-01-V1;ND;ND000180031093;2015-06-08 00:00:00;;;;
468;EXE-ETU-R4DSPEA001B001-01-V1;ND;ND000180031094;2015-06-08 00:00:00;;;;
469;EXE-ETU-R4DSPEA001B001-01-V1;ND;ND000180031100;2015-06-08 00:00:00;;;;
470;EXE-ETU-R4DSPEA001B001-01-V1;ND;ND000180031101;2015-06-08 00:00:00;;;;
471;EXE-ETU-R4DSPEA001B001-01-V1;ND;ND000180031227;2015-06-08 00:00:00;;;;
472;EXE-ETU-R4DSPEA001B001-01-V1;ND;ND000180031284;2015-06-08 00:00:00;;;;
473;EXE-ETU-R4DSPEA001B001-01-V1;ND;ND000180031287;2015-06-08 00:00:00;;;;
474;EXE-ETU-R4DSPEA001B001-01-V1;ND;ND000180031292;2015-06-08 00:00:00;;;;
475;EXE-ETU-R4DSPEA001B001-01-V1;ND;ND000180031301;2015-06-08 00:00:00;;;;
476;EXE-ETU-R4DSPEA001B001-01-V1;ND;ND000180031330;2015-06-08 00:00:00;;;;
477;EXE-ETU-R4DSPEA001B001-01-V1;ND;ND000180031350;2015-06-08 00:00:00;;;;
478;EXE-ETU-R4DSPEA001B001-01-V1;ND;ND000180031413;2015-06-08 00:00:00;;;;
479;EXE-ETU-R4DSPEA001B001-01-V1;ND;ND000180031414;2015-06-08 00:00:00;;;;
480;EXE-ETU-R4DSPEA001B001-01-V1;ND;ND000180032722;2015-06-08 00:00:00;;;;
481;EXE-ETU-R4DSPEA001B001-01-V1;ND;ND000180032793;2015-06-08 00:00:00;;;;
482;EXE-ETU-R4DSPEA001B001-01-V1;ND;ND200180030502;2015-06-08 00:00:00;;;;
483;EXE-ETU-R4DSPEA001B001-01-V1;CB;CB000180030001;2015-06-08 00:00:00;;;;
484;EXE-ETU-R4DSPEA001B001-01-V1;CB;CB000180030003;2015-06-08 00:00:00;;;;
485;EXE-ETU-R4DSPEA001B001-01-V1;CB;CB000180030007;2015-06-08 00:00:00;;;;
486;EXE-ETU-R4DSPEA001B001-01-V1;CB;CB000180030329;2015-06-08 00:00:00;;;;
487;EXE-ETU-R4DSPEA001B001-01-V1;CB;CB000180030341;2015-06-08 00:00:00;;;;
488;EXE-ETU-R4DSPEA001B001-01-V1;CB;CB000180030739;2015-06-08 00:00:00;;;;
489;EXE-ETU-R4DSPEA001B001-01-V1;CB;CB000180030916;2015-06-08 00:00:00;;;;
490;EXE-ETU-R4DSPEA001B001-01-V1;CB;CB000180030975;2015-06-08 00:00:00;;;;
491;EXE-ETU-R4DSPEA001B001-01-V1;CB;CB000180034416;2015-06-08 00:00:00;;;;
492;EXE-ETU-R4DSPEA001B001-01-V1;CB;CB000180034417;2015-06-08 00:00:00;;;;
493;EXE-ETU-R4DSPEA001B001-01-V1;CB;CB000180034418;2015-06-08 00:00:00;;;;
494;EXE-ETU-R4DSPEA001B001-01-V1;CB;CB000180034419;2015-06-08 00:00:00;;;;
495;EXE-ETU-R4DSPEA001B001-01-V1;CB;CB000180034420;2015-06-08 00:00:00;;;;
496;EXE-ETU-R4DSPEA001B001-01-V1;CB;CB000180034421;2015-06-08 00:00:00;;;;
497;EXE-ETU-R4DSPEA001B001-01-V1;CB;CB000180034422;2015-06-08 00:00:00;;;;
498;EXE-ETU-R4DSPEA001B001-01-V1;CB;CB000180034601;2015-06-08 00:00:00;;;;
499;EXE-ETU-R4DSPEA001B001-01-V1;CB;CB000180034602;2015-06-08 00:00:00;;;;
500;EXE-ETU-R4DSPEA001B001-01-V1;CB;CB000180034603;2015-06-08 00:00:00;;;;
501;EXE-ETU-R4DSPEA001B001-01-V1;CB;CB000180034604;2015-06-08 00:00:00;;;;
502;EXE-ETU-R4DSPEA001B001-01-V1;CB;CB000180034605;2015-06-08 00:00:00;;;;
503;EXE-ETU-R4DSPEA001B001-01-V1;CB;CB000180034606;2015-06-08 00:00:00;;;;
504;EXE-ETU-R4DSPEA001B001-01-V1;CB;CB000180034607;2015-06-08 00:00:00;;;;
505;EXE-ETU-R4DSPEA001B001-01-V1;ZP;ZP000180030675;2015-06-08 00:00:00;;;;
506;EXE-ETU-R4DSPEA001B001-01-V1;ZP;ZP000180030676;2015-06-08 00:00:00;;;;
507;EXE-ETU-R4DSPEA001B001-01-V1;ZP;ZP000180030698;2015-06-08 00:00:00;;;;
508;EXE-ETU-R4DSPEA001B001-01-V1;CM;CM000180032598;2015-06-08 00:00:00;;;;
509;EXE-ETU-R4DSPEA001B001-01-V1;CM;CM000180032599;2015-06-08 00:00:00;;;;
510;EXE-ETU-R4DSPEA001B001-01-V1;CM;CM000180032602;2015-06-08 00:00:00;;;;
511;EXE-ETU-R4DSPEA001B001-01-V1;CM;CM000180032956;2015-06-08 00:00:00;;;;
512;EXE-ETU-R4DSPEA001B001-01-V1;CM;CM000180032958;2015-06-08 00:00:00;;;;
513;EXE-ETU-R4DSPEA001B001-01-V1;CM;CM000180033134;2015-06-08 00:00:00;;;;
514;EXE-ETU-R4DSPEA001B001-01-V1;CM;CM000180033569;2015-06-08 00:00:00;;;;
515;EXE-ETU-R4DSPEA001B001-01-V1;CM;CM000180033570;2015-06-08 00:00:00;;;;
516;EXE-ETU-R4DSPEA001B001-01-V1;CM;CM100180031521;2015-06-08 00:00:00;;;;
517;EXE-ETU-R4DSPEA001B001-01-V1;CM;CM200180032598;2015-06-08 00:00:00;;;;
518;EXE-ETU-R4DSPEA001B001-01-V1;CM;CM200180033134;2015-06-08 00:00:00;;;;
519;EXE-ETU-R4DSPEA001B001-01-V1;CM;CM900180034416;2015-06-08 00:00:00;;;;
520;EXE-ETU-R4DSPEA001B001-01-V1;CM;CM900180034417;2015-06-08 00:00:00;;;;
521;EXE-ETU-R4DSPEA001B001-01-V1;CM;CM900180034418;2015-06-08 00:00:00;;;;
522;EXE-ETU-R4DSPEA001B001-01-V1;CM;CM900180034419;2015-06-08 00:00:00;;;;
523;EXE-ETU-R4DSPEA001B001-01-V1;CM;CM900180034420;2015-06-08 00:00:00;;;;
524;EXE-ETU-R4DSPEA001B001-01-V1;CM;CM900180034421;2015-06-08 00:00:00;;;;
525;EXE-ETU-R4DSPEA001B001-01-V1;CM;CM900180034422;2015-06-08 00:00:00;;;;
526;EXE-ETU-R4DSPEA001B001-01-V1;CM;CM900180034601;2015-06-08 00:00:00;;;;
527;EXE-ETU-R4DSPEA001B001-01-V1;CM;CM900180034602;2015-06-08 00:00:00;;;;
528;EXE-ETU-R4DSPEA001B001-01-V1;CM;CM900180034603;2015-06-08 00:00:00;;;;
529;EXE-ETU-R4DSPEA001B001-01-V1;CM;CM900180034604;2015-06-08 00:00:00;;;;
530;EXE-ETU-R4DSPEA001B001-01-V1;CM;CM900180034605;2015-06-08 00:00:00;;;;
531;EXE-ETU-R4DSPEA001B001-01-V1;CM;CM900180034606;2015-06-08 00:00:00;;;;
532;EXE-ETU-R4DSPEA001B001-01-V1;CM;CM900180034607;2015-06-08 00:00:00;;;;
533;EXE-ETU-R4DSPEA001B001-01-V1;CD;CD001800325981;2015-06-08 00:00:00;;;;
534;EXE-ETU-R4DSPEA001B001-01-V1;CD;CD001800325991;2015-06-08 00:00:00;;;;
535;EXE-ETU-R4DSPEA001B001-01-V1;CD;CD001800326021;2015-06-08 00:00:00;;;;
536;EXE-ETU-R4DSPEA001B001-01-V1;CD;CD001800329561;2015-06-08 00:00:00;;;;
537;EXE-ETU-R4DSPEA001B001-01-V1;CD;CD001800329581;2015-06-08 00:00:00;;;;
538;EXE-ETU-R4DSPEA001B001-01-V1;CD;CD001800331341;2015-06-08 00:00:00;;;;
539;EXE-ETU-R4DSPEA001B001-01-V1;CD;CD001800331342;2015-06-08 00:00:00;;;;
540;EXE-ETU-R4DSPEA001B001-01-V1;CD;CD001800331343;2015-06-08 00:00:00;;;;
541;EXE-ETU-R4DSPEA001B001-01-V1;CD;CD001800331344;2015-06-08 00:00:00;;;;
542;EXE-ETU-R4DSPEA001B001-01-V1;CD;CD001800335691;2015-06-08 00:00:00;;;;
543;EXE-ETU-R4DSPEA001B001-01-V1;CD;CD001800335692;2015-06-08 00:00:00;;;;
544;EXE-ETU-R4DSPEA001B001-01-V1;CD;CD001800335693;2015-06-08 00:00:00;;;;
545;EXE-ETU-R4DSPEA001B001-01-V1;CD;CD001800335694;2015-06-08 00:00:00;;;;
546;EXE-ETU-R4DSPEA001B001-01-V1;CD;CD001800335695;2015-06-08 00:00:00;;;;
547;EXE-ETU-R4DSPEA001B001-01-V1;CD;CD001800335701;2015-06-08 00:00:00;;;;
548;EXE-ETU-R4DSPEA001B001-01-V1;CD;CD001800335702;2015-06-08 00:00:00;;;;
549;EXE-ETU-R4DSPEA001B001-01-V1;CD;CD001800335703;2015-06-08 00:00:00;;;;
550;EXE-ETU-R4DSPEA001B001-01-V1;CD;CD001800335704;2015-06-08 00:00:00;;;;
551;EXE-ETU-R4DSPEA001B001-01-V1;CD;CD001800335705;2015-06-08 00:00:00;;;;
552;EXE-ETU-R4DSPEA001B001-01-V1;CD;CD001800335706;2015-06-08 00:00:00;;;;
553;EXE-ETU-R4DSPEA001B001-01-V1;CD;CD001800335707;2015-06-08 00:00:00;;;;
554;EXE-ETU-R4DSPEA001B001-01-V1;CD;CD201800331341;2015-06-08 00:00:00;;;;
555;EXE-ETU-R4DSPEA001B001-01-V1;CD;CD201800331342;2015-06-08 00:00:00;;;;
556;EXE-ETU-R4DSPEA001B001-01-V1;CD;CD201800331343;2015-06-08 00:00:00;;;;
557;EXE-ETU-R4DSPEA001B001-01-V1;CD;CD201800331344;2015-06-08 00:00:00;;;;
